{
    "version": 1,
    "author": "Arfan Romadhani",
    "editor": "wokwi",
    "parts": [
      { "type": "board-esp32-devkit-c-v4", "id": "esp", "top": 48, "left": 24.04, "attrs": {} },
      { "type": "wokwi-dht22", "id": "dht1", "top": -76.5, "left": -139.8, "attrs": {} }
    ],
    "connections": [
      [ "esp:TX", "$serialMonitor:RX", "", [] ],
      [ "esp:RX", "$serialMonitor:TX", "", [] ],
      [ "dht1:VCC", "esp:3V3", "red", [ "v38.4", "h153.6" ] ],
      [ "dht1:SDA", "esp:27", "green", [ "v134.4", "h144.1" ] ],
      [ "dht1:GND", "esp:GND.1", "black", [ "v163.2", "h124.8" ] ]
    ],
    "dependencies": {}
  }